{
  "Modelo 1": {
    "aic": -783.6530354226677,
    "loglik": 398.82651771133385
  },
  "Modelo 2": {
    "aic": -845.2206393553399,
    "loglik": 434.61031967766996
  },
  "Modelo 3": {
    "aic": -878.5626807707088,
    "loglik": 449.2813403853544
  },
  "Modelo 4": {
    "aic": -817.3261449818647,
    "loglik": 418.66307249093234
  },
  "Modelo 5": {
    "aic": -813.1340420692911,
    "loglik": 416.56702103464556
  }
}